{
    "bias": -0.10778270151515121,
    "sdep": 0.2710588630868707,
    "mse": 0.08509001800385112,
    "rmse": 0.29170193349350826,
    "r2": 0.7483122783647536,
    "r_pearson": 0.9016788343477131,
    "p_pearson": 5.680798131009816e-08,
    "r_spearman": 0.7769838834541307
}