{
    "bias": -0.14630993777777795,
    "sdep": 0.3532480732762392,
    "mse": 0.14619079916591252,
    "rmse": 0.38234905409313164,
    "r2": 0.7299412163236618,
    "r_pearson": 0.8772034828029975,
    "p_pearson": 3.82957984468969e-07,
    "r_spearman": 0.6827067669172932
}