{
    "bias": -0.13280116696275926,
    "sdep": 0.5613660704426944,
    "mse": 0.3327680149909428,
    "rmse": 0.5768604813912483,
    "r2": 0.157774192766299,
    "r_pearson": 0.5837619391109303,
    "p_pearson": 0.0068865002749297615,
    "r_spearman": 0.45088474355906255
}